{
	"keijzer-13": [
		[
			2.893834892812068,
			-2.046624903879355,
			98.50331843583808
		],
		[
			-1.0715617993255915,
			1.4536136384519205,
			-0.30906661175142225
		],
		[
			-0.7761391875303802,
			-2.2198041711312104,
			4.5789055508948415
		],
		[
			-0.13414635097562932,
			-2.2758262382362453,
			4.863428604098652
		],
		[
			2.5322784638488374,
			2.6026402515316454,
			58.14160956643895
		],
		[
			1.7507668556996512,
			2.7182988852407126,
			15.738055632018167
		],
		[
			-0.42925693904247364,
			-1.4170394247403255,
			2.37589656208596
		],
		[
			-0.0710324787173624,
			-0.4458488905520399,
			0.5449065629657948
		],
		[
			1.1353822466311527,
			-1.5860576824973964,
			5.969220665688691
		],
		[
			2.5021837891365246,
			0.21116657454441734,
			54.67627667055587
		],
		[
			-2.948392660700865,
			2.125678017485235,
			50.07172548167244
		],
		[
			-0.816202664562689,
			-0.6296534994193692,
			0.7279466699747204
		],
		[
			-2.811984642240465,
			-1.0032382484667999,
			41.79611792600115
		],
		[
			-2.5034418765953905,
			2.787203435393847,
			24.685485923333566
		],
		[
			1.8509789915325374,
			-1.6806333175240065,
			21.172899974502585
		],
		[
			0.7310345388962407,
			-2.1937975454952334,
			5.276440291328337
		],
		[
			-0.4688536859099335,
			0.8295122345186607,
			-0.5402096561254552
		],
		[
			2.100019709475493,
			-1.750744700390586,
			31.993389090260518
		],
		[
			2.0993776160955644,
			2.8587140608919555,
			29.905231939371163
		],
		[
			2.8141299656246517,
			0.14075861948759982,
			84.87091207039833
		]
	],
	"keijzer-16": [
		[
			1.4389374938871562,
			0.44064895914341307,
			-1.2409298696600373
		],
		[
			2.7557527864832787,
			1.0250590045321424,
			0.9432594270488028
		],
		[
			-0.15025932819737076,
			-2.726181045188408,
			-7.254812896462311
		],
		[
			2.4612208656524333,
			-2.840593862102081,
			-8.09914297258404
		],
		[
			-1.719728397944088,
			0.3357780705841309,
			0.38567172615192513
		],
		[
			-0.7168875233139937,
			2.488857813733026,
			5.862850903640836
		],
		[
			2.7552593686054694,
			-1.0364786391086354,
			1.9077660589970442
		],
		[
			-1.6238536203575618,
			-2.8402899364088148,
			-7.848904678787438
		],
		[
			-0.6279696202007221,
			-2.329257954269318,
			-3.410927553646787
		],
		[
			2.6578804416755277,
			1.5529248018470607,
			1.4169204928179635
		],
		[
			-0.9807213380228772,
			-1.744001791875549,
			-0.11615880704151094
		],
		[
			-0.11374255281449397,
			2.8574934436692843,
			8.9220558064848
		],
		[
			0.29268432244045695,
			-0.9610273925780093,
			0.22956779067525512
		],
		[
			-0.7266584922026897,
			-0.9760084231969328,
			1.161057922292669
		],
		[
			0.5696202553068286,
			-2.4154881596568236,
			-5.163850610004131
		],
		[
			0.33904366794501595,
			-0.8138257079352189,
			0.2130733139453065
		],
		[
			-0.2387113668983143,
			-0.5078686138386592,
			0.6783620671068572
		],
		[
			2.147169348337475,
			-0.33646675426377914,
			0.15008624535761994
		],
		[
			-0.405997604834885,
			2.0783028890640827,
			2.8027616820601904
		],
		[
			-2.979995155288255,
			0.4369888656410703,
			-2.7079627595026947
		]
	],

	"keijzer-12": [
		[38.02059087113283,2.70633367139264,-2.065261308344227],
		[0.6142474565847651,1.395658613072932,1.2779534214310129],
		[14.214175462127198,-1.644619119168202,-1.4290178317436568],
		[-0.5308397102042914,0.5468838386639869,0.7058117516174551],
		[-0.21822897147432682,-0.41735366595844514,0.4021127722475053],
		[2.6281689194964506,0.3626641182380501,-1.5133919384716044],
		[21.430094188516982,-1.9386597934489544,2.0180841721247322],
		[0.43163300700294177,-0.2520171408743197,-0.3502539597338119],
		[1.3951761696530154,1.5143256413851498,1.467153791270678],
		[43.516648188010215,-2.3556476371613257,1.5527002541422465],
		[0.5486850694927983,-0.1496496315601945,-0.4455671050433936],
		[3.1353529924188672,0.7124208894604438,-1.7347165017790447],
		[0.9000241044522557,1.3342514518881785,-0.10098731410811457],
		[29.11378930469406,-2.113823718355252,1.6378566323470967],
		[5.983210142243629,1.8070736581970968,-0.8550725539036179],
		[8.17446482744729,1.7756604995448777,-1.9434158190957338],
		[22.968735526343316,2.4599551833189652,2.863150022196999],
		[20.424005333330612,-1.8922856096196847,-0.628790899381241],
		[-0.5438662192800244,0.46588820149538934,1.1424371446493247],
		[-0.47351995313547895,0.12716209537702694,0.7621983689333556]
	],
	"keijzer-14":[
		[0.967390454445848,0.6109838077486316,-2.428244010254944],
		[1.3414997280292675,-1.7710997096962071,0.9092198583239908],
		[0.757635431816052,2.8567656005863267,0.6309188201765235],
		[3.078330569159311,0.006710753560327465,0.7737998311190406],
		[0.8257621176764042,0.4081852577210441,2.742517985867293],
		[0.436565739954,-2.7961005528806417,-2.9166192423108512],
		[0.816910071191496,1.5125873237856542,-2.3462905164143266],
		[2.2014420493043443,-0.6273335673548104,1.113747835196424],
		[1.3840426455974195,0.6558894001794879,-1.8302944597822584],
		[0.48018160631107676,2.788750517527867,2.62359177995166],
		[1.039721288199126,-1.5670529246618417,-1.7996429796049753],
		[1.3073656879650908,-1.0936057902955305,1.7097373507730858],
		[0.7403530037041706,-2.2571878670665346,1.9263330707468498],
		[0.7277959772135221,-0.8030317554068507,-2.889157582124379],
		[2.614329214694401,-0.2530139092950665,-0.9980192049643284],
		[0.5018918926135681,2.408766495128634,2.85263590689524],
		[0.6348251648344617,-2.3130961747127214,-2.291610999998727],
		[0.5511514733709448,2.4676423398225698,2.534917604377906],
		[1.4714662782963217,-0.48685665495258057,-1.788777369884847],
		[1.4207919600891015,-1.8419750787169205,-0.48763747022241954]
	],
	"keijzer-15":[
		[8.869773007915175,0.5129833320672512,2.9052636451607414],
		[0.6060532182868641,-0.6243395676689687,-1.3987678672790318],
		[0.5323021799751047,-1.0270844585719763,-1.5368454357187007],
		[8.168195189599848,-1.9902245256744746,2.760224027738019],
		[-0.07880061133231064,-0.3998670306424943,0.5482980140028344],
		[5.16286324703029,-1.3297203542353013,2.3723335856786765],
		[-1.699679902521397,-2.940021499083284,-0.5086452401647117],
		[0.5582446819140836,0.027037983518385822,1.64649316464378],
		[0.50166572032685,-0.5835422532222334,1.3926557417163892],
		[11.553911039467158,2.721991040445843,2.979231292255486],
		[-2.0565091073896795,-0.4204061446420333,-2.08772591111384],
		[-2.736171170076951,-2.9800312450041395,1.1133581001915935],
		[1.3321534911328947,-1.5398247374641514,-0.679180402648369],
		[-0.8709298777625978,1.2752811307416847,0.010457962272222066],
		[-7.552518785966274,-2.5271787764161684,-2.670472768595368],
		[0.33568838478910434,-1.130227031056504,-1.6200072443021456],
		[-2.271806868604718,-0.4389878960128777,-2.1286341566497065],
		[1.8881767004581134,-0.6584227586140914,1.8429584466426174],
		[3.2650167109561483,-0.8365265258111005,2.1026792353046453],
		[5.5175923797090904,0.21928911891879643,2.5493240872371485]
	]
}