{
		"koza-1": [
		[
			-0.08819748097093938,
			-0.08104424584084574
		],
		[
			-0.921189556810269,
			-0.1342064602782541
		],
		[
			-0.06701378337107111,
			-0.06280371715998355
		],
		[
			-0.8835224297055291,
			-0.1832437410198744
		],
		[
			-0.023456873521610078,
			-0.022919252414992913
		],
		[
			0.9027205219376015,
			3.1173248189916474
		],
		[
			0.8232613650447775,
			2.5183513013590897
		],
		[
			0.01069488190486334,
			0.010810498772649441
		],
		[
			0.2887676886884507,
			0.4031872286282593
		],
		[
			0.5425752286364358,
			1.0833549011190555
		],
		[
			0.08829423095664413,
			0.0968392082389785
		],
		[
			0.7736190706405386,
			2.1932921316062695
		],
		[
			0.3319607517159935,
			0.4908836697515568
		],
		[
			0.4216443480406409,
			0.7059970396883212
		],
		[
			0.6415230103022027,
			1.4864695768487577
		],
		[
			0.7075961676982891,
			1.8132692986433159
		],
		[
			0.25490544864585285,
			0.3406671565742324
		],
		[
			-0.8041264626833007,
			-0.25935423272146063
		],
		[
			0.44106006907269446,
			0.7592386973943515
		],
		[
			0.9620820492854545,
			3.6349276832568576
		]
	],
	"koza-3": [
		[
			-0.9826172635065231,
			0.0011467872087848052
		],
		[
			-0.6098380434520958,
			0.14671794669120625
		],
		[
			0.23180699299290342,
			0.048114845539496326
		],
		[
			0.34288765498161,
			0.09155083596359925
		],
		[
			-0.6298503449641861,
			0.14438593797804405
		],
		[
			-0.6298260658364063,
			0.14438944536752846
		],
		[
			-0.3187881002803359,
			0.08201979783649274
		],
		[
			0.18978218754083742,
			0.03346951318862181
		],
		[
			0.6566982417419738,
			0.13949883641389643
		],
		[
			0.3499368715750093,
			0.09430123842781932
		],
		[
			-0.547315362954532,
			0.14696856866508148
		],
		[
			0.4297738632455028,
			0.12277471859145594
		],
		[
			0.08376853702874065,
			0.006919032038043326
		],
		[
			0.5939902028311637,
			0.14777565263091674
		],
		[
			-0.22523193880927606,
			0.04571302777694059
		],
		[
			-0.0767219256604934,
			0.005817161854478306
		],
		[
			-0.038540068497311175,
			0.001480927705472901
		],
		[
			0.06564280390182353,
			0.004271923132418212
		],
		[
			0.20817767843957657,
			0.03966298706478022
		],
		[
			0.919861262747107,
			0.02002946467575406
		]
	],

	"keijzer-12": [
		[38.02059087113283,2.70633367139264,-2.065261308344227],
		[0.6142474565847651,1.395658613072932,1.2779534214310129],
		[14.214175462127198,-1.644619119168202,-1.4290178317436568],
		[-0.5308397102042914,0.5468838386639869,0.7058117516174551],
		[-0.21822897147432682,-0.41735366595844514,0.4021127722475053],
		[2.6281689194964506,0.3626641182380501,-1.5133919384716044],
		[21.430094188516982,-1.9386597934489544,2.0180841721247322],
		[0.43163300700294177,-0.2520171408743197,-0.3502539597338119],
		[1.3951761696530154,1.5143256413851498,1.467153791270678],
		[43.516648188010215,-2.3556476371613257,1.5527002541422465],
		[0.5486850694927983,-0.1496496315601945,-0.4455671050433936],
		[3.1353529924188672,0.7124208894604438,-1.7347165017790447],
		[0.9000241044522557,1.3342514518881785,-0.10098731410811457],
		[29.11378930469406,-2.113823718355252,1.6378566323470967],
		[5.983210142243629,1.8070736581970968,-0.8550725539036179],
		[8.17446482744729,1.7756604995448777,-1.9434158190957338],
		[22.968735526343316,2.4599551833189652,2.863150022196999],
		[20.424005333330612,-1.8922856096196847,-0.628790899381241],
		[-0.5438662192800244,0.46588820149538934,1.1424371446493247],
		[-0.47351995313547895,0.12716209537702694,0.7621983689333556]
	],
	"keijzer-14":[
		[0.967390454445848,0.6109838077486316,-2.428244010254944],
		[1.3414997280292675,-1.7710997096962071,0.9092198583239908],
		[0.757635431816052,2.8567656005863267,0.6309188201765235],
		[3.078330569159311,0.006710753560327465,0.7737998311190406],
		[0.8257621176764042,0.4081852577210441,2.742517985867293],
		[0.436565739954,-2.7961005528806417,-2.9166192423108512],
		[0.816910071191496,1.5125873237856542,-2.3462905164143266],
		[2.2014420493043443,-0.6273335673548104,1.113747835196424],
		[1.3840426455974195,0.6558894001794879,-1.8302944597822584],
		[0.48018160631107676,2.788750517527867,2.62359177995166],
		[1.039721288199126,-1.5670529246618417,-1.7996429796049753],
		[1.3073656879650908,-1.0936057902955305,1.7097373507730858],
		[0.7403530037041706,-2.2571878670665346,1.9263330707468498],
		[0.7277959772135221,-0.8030317554068507,-2.889157582124379],
		[2.614329214694401,-0.2530139092950665,-0.9980192049643284],
		[0.5018918926135681,2.408766495128634,2.85263590689524],
		[0.6348251648344617,-2.3130961747127214,-2.291610999998727],
		[0.5511514733709448,2.4676423398225698,2.534917604377906],
		[1.4714662782963217,-0.48685665495258057,-1.788777369884847],
		[1.4207919600891015,-1.8419750787169205,-0.48763747022241954]
	],
	"keijzer-15":[
		[8.869773007915175,0.5129833320672512,2.9052636451607414],
		[0.6060532182868641,-0.6243395676689687,-1.3987678672790318],
		[0.5323021799751047,-1.0270844585719763,-1.5368454357187007],
		[8.168195189599848,-1.9902245256744746,2.760224027738019],
		[-0.07880061133231064,-0.3998670306424943,0.5482980140028344],
		[5.16286324703029,-1.3297203542353013,2.3723335856786765],
		[-1.699679902521397,-2.940021499083284,-0.5086452401647117],
		[0.5582446819140836,0.027037983518385822,1.64649316464378],
		[0.50166572032685,-0.5835422532222334,1.3926557417163892],
		[11.553911039467158,2.721991040445843,2.979231292255486],
		[-2.0565091073896795,-0.4204061446420333,-2.08772591111384],
		[-2.736171170076951,-2.9800312450041395,1.1133581001915935],
		[1.3321534911328947,-1.5398247374641514,-0.679180402648369],
		[-0.8709298777625978,1.2752811307416847,0.010457962272222066],
		[-7.552518785966274,-2.5271787764161684,-2.670472768595368],
		[0.33568838478910434,-1.130227031056504,-1.6200072443021456],
		[-2.271806868604718,-0.4389878960128777,-2.1286341566497065],
		[1.8881767004581134,-0.6584227586140914,1.8429584466426174],
		[3.2650167109561483,-0.8365265258111005,2.1026792353046453],
		[5.5175923797090904,0.21928911891879643,2.5493240872371485]
	]
}