{
  "koza-1": [
    [
      -0.08819748097093938,
      -0.08104424584084574
    ],
    [
      -0.921189556810269,
      -0.1342064602782541
    ],
    [
      -0.06701378337107111,
      -0.06280371715998355
    ],
    [
      -0.8835224297055291,
      -0.1832437410198744
    ],
    [
      -0.023456873521610078,
      -0.022919252414992913
    ],
    [
      0.9027205219376015,
      3.1173248189916474
    ],
    [
      0.8232613650447775,
      2.5183513013590897
    ],
    [
      0.01069488190486334,
      0.010810498772649441
    ],
    [
      0.2887676886884507,
      0.4031872286282593
    ],
    [
      0.5425752286364358,
      1.0833549011190555
    ],
    [
      0.08829423095664413,
      0.0968392082389785
    ],
    [
      0.7736190706405386,
      2.1932921316062695
    ],
    [
      0.3319607517159935,
      0.4908836697515568
    ],
    [
      0.4216443480406409,
      0.7059970396883212
    ],
    [
      0.6415230103022027,
      1.4864695768487577
    ],
    [
      0.7075961676982891,
      1.8132692986433159
    ],
    [
      0.25490544864585285,
      0.3406671565742324
    ],
    [
      -0.8041264626833007,
      -0.25935423272146063
    ],
    [
      0.44106006907269446,
      0.7592386973943515
    ],
    [
      0.9620820492854545,
      3.6349276832568576
    ]
  ],
  "koza-3": [
    [
      -0.9826172635065231,
      0.0011467872087848052
    ],
    [
      -0.6098380434520958,
      0.14671794669120625
    ],
    [
      0.23180699299290342,
      0.048114845539496326
    ],
    [
      0.34288765498161,
      0.09155083596359925
    ],
    [
      -0.6298503449641861,
      0.14438593797804405
    ],
    [
      -0.6298260658364063,
      0.14438944536752846
    ],
    [
      -0.3187881002803359,
      0.08201979783649274
    ],
    [
      0.18978218754083742,
      0.03346951318862181
    ],
    [
      0.6566982417419738,
      0.13949883641389643
    ],
    [
      0.3499368715750093,
      0.09430123842781932
    ],
    [
      -0.547315362954532,
      0.14696856866508148
    ],
    [
      0.4297738632455028,
      0.12277471859145594
    ],
    [
      0.08376853702874065,
      0.006919032038043326
    ],
    [
      0.5939902028311637,
      0.14777565263091674
    ],
    [
      -0.22523193880927606,
      0.04571302777694059
    ],
    [
      -0.0767219256604934,
      0.005817161854478306
    ],
    [
      -0.038540068497311175,
      0.001480927705472901
    ],
    [
      0.06564280390182353,
      0.004271923132418212
    ],
    [
      0.20817767843957657,
      0.03966298706478022
    ],
    [
      0.919861262747107,
      0.02002946467575406
    ]
  ]
}